,Column,Metric,Score
0,0,KSComplement,0.49237213403880076
1,1,KSComplement,0.2849029982363316
2,2,TVComplement,0.5318474426807761
3,3,TVComplement,0.5504585537918871
4,4,TVComplement,0.9643694885361552
5,5,TVComplement,0.855299823633157
6,6,TVComplement,0.521331569664903
7,7,TVComplement,0.5041181657848326
8,8,TVComplement,0.5248853615520283
9,9,TVComplement,0.555326278659612
10,10,TVComplement,0.607147266313933
11,11,TVComplement,0.9379232804232804
