,Column,Metric,Score
0,0,KSComplement,0.024021164021164054
1,1,KSComplement,0.0
2,2,TVComplement,2.6014190801504355e-10
3,3,TVComplement,9.259293332064544e-11
4,4,TVComplement,8.818390462295156e-12
5,5,TVComplement,1.3227530182291503e-11
6,6,TVComplement,8.818390462295156e-12
7,7,TVComplement,2.24868124121258e-10
8,8,TVComplement,1.3977129453834891e-09
9,9,TVComplement,1.2786660619212853e-10
10,10,TVComplement,0.22797619052028228
11,11,TVComplement,2.204592064458666e-11
