,Column,Metric,Score
0,0,KSComplement,0.9203262786596119
1,1,KSComplement,0.9900352733686067
2,2,TVComplement,0.9679056437410292
3,3,TVComplement,0.9719929453267274
4,4,TVComplement,0.9695194003527337
5,5,TVComplement,0.9729232804232805
6,6,TVComplement,0.9739506172839506
7,7,TVComplement,0.8582936508711559
8,8,TVComplement,0.9398544973544973
9,9,TVComplement,0.9653659612027563
10,10,TVComplement,0.9845017636788106
11,11,TVComplement,0.9995414462081129
