,Column,Metric,Score
0,0,KSComplement,0.8464100017526436
1,1,KSComplement,0.8899924052111936
2,2,KSComplement,0.9692118946076999
3,3,KSComplement,0.9544896886136589
4,4,KSComplement,0.9531459952094409
5,5,KSComplement,0.96769293684641
6,6,KSComplement,0.9526202021382252
7,7,KSComplement,0.9941578547642694
8,8,KSComplement,0.992931004264766
9,9,KSComplement,0.9964947128585616
10,10,TVComplement,0.999415785476427
