,Column,Metric,Score
0,0,KSComplement,0.8496816030846526
1,1,KSComplement,0.8851434246655372
2,2,KSComplement,0.9714319097972776
3,3,KSComplement,0.9575276041362388
4,4,KSComplement,0.9554828533037332
5,5,KSComplement,0.9806040778173745
6,6,KSComplement,0.9561254892796636
7,7,KSComplement,0.9957352339779166
8,8,KSComplement,0.9929894257171233
9,9,KSComplement,0.9921131039317637
10,10,TVComplement,0.9943915405736986
