,Column,Metric,Score
0,0,KSComplement,0.9982186948853615
1,1,KSComplement,0.9943386243386243
2,2,TVComplement,0.9862257495590829
3,3,TVComplement,0.9820502645502646
4,4,TVComplement,0.9611640211640211
5,5,TVComplement,0.985026455026455
6,6,TVComplement,0.9934215167548501
7,7,TVComplement,0.9507892416225749
8,8,TVComplement,0.99657848324515
9,9,TVComplement,0.997526455026455
10,10,TVComplement,0.9981305114638448
11,11,TVComplement,0.9995458553791887
